{
  "A": {
    "n_samples": 199,
    "recovery": {
      "mean": 0.4782857697427937,
      "median": 0.5071707390713636,
      "std": 0.18214486986724526,
      "pct_negative": 0.0,
      "pct_above_50": 0.507537688442211,
      "percentiles": {
        "p5": 0.1390223623206925,
        "p10": 0.24574793877406864,
        "p25": 0.35571654521832485,
        "p50": 0.5071707390713636,
        "p75": 0.6253586888238111,
        "p90": 0.6957086760384457,
        "p95": 0.7358827210495207
      }
    },
    "error_amplification": {
      "mean": 0.5217142302572063,
      "median": 0.49282926092863644
    },
    "pitch_error": {
      "mean": 0.08677580583771477,
      "median": 0.08684863523573201,
      "p90": 0.14814358974358974,
      "max": 0.2106430155210643,
      "catastrophic_rate": 0.0
    },
    "note_ratio": {
      "mean": 0.9611972059532654,
      "std": 0.011346643099175208
    },
    "len_ratio": {
      "mean": 0.9735496044985883,
      "std": 0.010334889733641682
    },
    "recovery_by_pert_rate": {
      "10-15%": {
        "n": 6,
        "mean": 0.362146164304267,
        "pct_negative": 0.0
      },
      "15-20%": {
        "n": 146,
        "mean": 0.48644160495827626,
        "pct_negative": 0.0
      },
      "20-30%": {
        "n": 47,
        "mean": 0.46777695466131936,
        "pct_negative": 0.0
      }
    }
  },
  "B": {
    "n_samples": 200,
    "recovery": {
      "mean": -0.015006455813721793,
      "median": 0.37689722205686965,
      "std": 1.5436350063004156,
      "pct_negative": 0.12,
      "pct_above_50": 0.315,
      "percentiles": {
        "p5": -3.6974759166204914,
        "p10": -0.036230824588263315,
        "p25": 0.17034003318064878,
        "p50": 0.37689722205686965,
        "p75": 0.5554841450330298,
        "p90": 0.6629507541129928,
        "p95": 0.7163105095821755
      }
    },
    "error_amplification": {
      "mean": 1.0150064558137217,
      "median": 0.6231027779431304
    },
    "pitch_error": {
      "mean": 0.3351276799875969,
      "median": 0.11449043440736478,
      "p90": 0.2112251723632096,
      "max": 8.2,
      "catastrophic_rate": 0.055
    },
    "note_ratio": {
      "mean": 0.9611506335942401,
      "std": 0.010661033622132903
    },
    "len_ratio": {
      "mean": 0.9704902070942626,
      "std": 0.009310616609562226
    },
    "recovery_by_pert_rate": {
      "10-15%": {
        "n": 6,
        "mean": 0.23049504525255257,
        "pct_negative": 0.3333333333333333
      },
      "15-20%": {
        "n": 145,
        "mean": -0.08349301375377002,
        "pct_negative": 0.1103448275862069
      },
      "20-30%": {
        "n": 49,
        "mean": 0.15759644000075465,
        "pct_negative": 0.12244897959183673
      }
    }
  },
  "C": {
    "n_samples": 200,
    "recovery": {
      "mean": 0.36943193902928073,
      "median": 0.37626901844606453,
      "std": 0.2355486071223689,
      "pct_negative": 0.06,
      "pct_above_50": 0.295,
      "percentiles": {
        "p5": -0.006382710006299245,
        "p10": 0.03322380288883309,
        "p25": 0.19562842065928238,
        "p50": 0.37626901844606453,
        "p75": 0.5516510275040657,
        "p90": 0.6783439908688794,
        "p95": 0.7235094908159841
      }
    },
    "error_amplification": {
      "mean": 0.6305680609707193,
      "median": 0.6237309815539354
    },
    "pitch_error": {
      "mean": 0.13541759617195695,
      "median": 0.1299361770550741,
      "p90": 0.21516130479651815,
      "max": 0.3282442748091603,
      "catastrophic_rate": 0.0
    },
    "note_ratio": {
      "mean": 0.9743188566334604,
      "std": 0.008300731477535147
    },
    "len_ratio": {
      "mean": 0.9843946249129368,
      "std": 0.005321988325602836
    },
    "recovery_by_pert_rate": {
      "10-15%": {
        "n": 6,
        "mean": 0.2577891694385617,
        "pct_negative": 0.0
      },
      "15-20%": {
        "n": 148,
        "mean": 0.3678909449760427,
        "pct_negative": 0.07432432432432433
      },
      "20-30%": {
        "n": 46,
        "mean": 0.3889520202776184,
        "pct_negative": 0.021739130434782608
      }
    }
  },
  "D": {
    "n_samples": 200,
    "recovery": {
      "mean": 0.463871464046115,
      "median": 0.4737135494522656,
      "std": 0.18716595760497276,
      "pct_negative": 0.005,
      "pct_above_50": 0.44,
      "percentiles": {
        "p5": 0.15013705716077883,
        "p10": 0.20581174406202493,
        "p25": 0.32434580988810363,
        "p50": 0.4737135494522656,
        "p75": 0.6162062177427096,
        "p90": 0.6978630492912129,
        "p95": 0.7204428750074142
      }
    },
    "error_amplification": {
      "mean": 0.536128535953885,
      "median": 0.5262864505477344
    },
    "pitch_error": {
      "mean": 0.10212530036872237,
      "median": 0.0998759948407218,
      "p90": 0.16202805762169287,
      "max": 0.2265625,
      "catastrophic_rate": 0.0
    },
    "note_ratio": {
      "mean": 0.9714173148901287,
      "std": 0.00819052619211523
    },
    "len_ratio": {
      "mean": 0.9825424136678597,
      "std": 0.005683836648095572
    },
    "recovery_by_pert_rate": {
      "10-15%": {
        "n": 6,
        "mean": 0.26119366056030474,
        "pct_negative": 0.16666666666666666
      },
      "15-20%": {
        "n": 148,
        "mean": 0.47594164072810674,
        "pct_negative": 0.0
      },
      "20-30%": {
        "n": 46,
        "mean": 0.45147321778481264,
        "pct_negative": 0.0
      }
    }
  },
  "REMI": {
    "n_samples": 200,
    "recovery": {
      "mean": 0.10162605021547182,
      "median": 0.08105647095027063,
      "std": 0.07777073304364898,
      "pct_negative": 0.01,
      "pct_above_50": 0.0,
      "percentiles": {
        "p5": 0.013245869018812053,
        "p10": 0.025654761904762072,
        "p25": 0.04830634837030173,
        "p50": 0.08105647095027063,
        "p75": 0.14712809724538384,
        "p90": 0.20049699331006643,
        "p95": 0.2504951829512063
      }
    },
    "error_amplification": {
      "mean": 0.8983739497845282,
      "median": 0.9189435290497294
    },
    "pitch_error": {
      "mean": 0.18338933856653394,
      "median": 0.1848407139979547,
      "p90": 0.23118548151039126,
      "max": 0.3508771929824561,
      "catastrophic_rate": 0.0
    },
    "note_ratio": {
      "mean": 0.9669987712784581,
      "std": 0.009665977897915798
    },
    "len_ratio": {
      "mean": 0.9698781313924889,
      "std": 0.008900094463607745
    },
    "recovery_by_pert_rate": {
      "10-15%": {
        "n": 7,
        "mean": 0.04335965113776733,
        "pct_negative": 0.14285714285714285
      },
      "15-20%": {
        "n": 140,
        "mean": 0.11056895655462262,
        "pct_negative": 0.0
      },
      "20-30%": {
        "n": 53,
        "mean": 0.0856988408959024,
        "pct_negative": 0.018867924528301886
      }
    }
  }
}