{
  "gector": {
    "mean_ms": 58.38599358685315,
    "std_ms": 1.3504367984073256,
    "min_ms": 56.92126299254596,
    "max_ms": 61.288019991479814,
    "median_ms": 58.00721200648695,
    "peak_gpu_mb": 345.58642578125,
    "runs": 10,
    "input_tokens": 1749,
    "tokens_per_sec": 29955.814614993975,
    "num_params": 37242804,
    "num_params_m": 37.242804,
    "estimated_gflops": 301.9,
    "forward_passes": 2,
    "flops_note": "max 2 iters, usually converges in 1-2"
  },
  "felix": {
    "mean_ms": 59.55761889927089,
    "std_ms": 0.6645106686669229,
    "min_ms": 58.82541509345174,
    "max_ms": 61.19101704098284,
    "median_ms": 59.37786545837298,
    "peak_gpu_mb": 651.99951171875,
    "runs": 10,
    "input_tokens": 1749,
    "tokens_per_sec": 29366.51988989122,
    "num_params": 61690356,
    "num_params_m": 61.690356,
    "tagger_params_m": 28.883979,
    "inserter_params_m": 32.806377,
    "estimated_gflops": 603.8,
    "forward_passes": 4,
    "flops_note": "2 iters × (Tagger + Inserter)"
  },
  "levt": {
    "mean_ms": 631.5589024219662,
    "std_ms": 10.246840073213846,
    "min_ms": 616.5610440075397,
    "max_ms": 656.5383430570364,
    "median_ms": 632.0360990357585,
    "peak_gpu_mb": 162.287109375,
    "runs": 10,
    "input_tokens": 2048,
    "tokens_per_sec": 3242.7695851426074,
    "num_params": 25699025,
    "num_params_m": 25.699025,
    "estimated_gflops": 1811.4,
    "forward_passes": "9-15",
    "flops_note": "3-5 iters × 3 heads (del/ins/tok)"
  },
  "llama": {
    "mean_ms": 5344.85273710452,
    "std_ms": 29.02247492373392,
    "min_ms": 5307.387741049752,
    "max_ms": 5391.070268000476,
    "median_ms": 5341.613474942278,
    "peak_gpu_mb": 691.17578125,
    "runs": 10,
    "input_tokens": 3,
    "avg_output_tokens": 500.0,
    "max_gen_tokens": 500,
    "per_token_mean_ms": 10.61067155284826,
    "per_token_std_ms": 0.46996392231480316,
    "first_token_ms": 11.685642995871603,
    "tokens_per_sec": 93.54794689270825,
    "num_params": 161993472,
    "num_params_m": 161.993472,
    "estimated_full_seq_ms": 18537.918174268932,
    "estimated_full_seq_tokens": 1749,
    "estimated_gflops": 490.5,
    "forward_passes": 1749,
    "flops_note": "1749 autoregressive steps with KV cache"
  },
  "cmlm": {
    "mean_ms": 41.14485540194437,
    "std_ms": 0.25375827191152406,
    "min_ms": 40.76533007901162,
    "max_ms": 41.600089985877275,
    "median_ms": 41.15930094849318,
    "peak_gpu_mb": 275.2578125,
    "runs": 10,
    "input_tokens": 1749,
    "accomp_positions": 456,
    "tokens_per_sec": 42508.352087132334,
    "num_params": 30198249,
    "num_params_m": 30.198249,
    "estimated_gflops": 301.9,
    "forward_passes": 2,
    "flops_note": "1 scoring + 1 mask-predict"
  },
  "diffusion_r03": {
    "mean_ms": 480.898097588215,
    "std_ms": 2.214891728088811,
    "min_ms": 475.3781129838899,
    "max_ms": 483.040225924924,
    "median_ms": 482.06221347209066,
    "peak_gpu_mb": 243.2685546875,
    "runs": 10,
    "input_tokens": 1749,
    "denoising_steps": 30,
    "start_ratio": 0.3,
    "tokens_per_sec": 3636.945142373259,
    "num_params": 34381801,
    "num_params_m": 34.381801,
    "estimated_gflops": 4528.4,
    "forward_passes": 30,
    "flops_note": "30 denoising steps (T=100, ratio=0.3)"
  },
  "diffusion_r05": {
    "mean_ms": 799.9766972963698,
    "std_ms": 3.2258103121801316,
    "min_ms": 795.3523499891162,
    "max_ms": 804.8800689866766,
    "median_ms": 799.2813080199994,
    "peak_gpu_mb": 243.2685546875,
    "runs": 10,
    "input_tokens": 1749,
    "denoising_steps": 50,
    "start_ratio": 0.5,
    "tokens_per_sec": 2186.3136837747697,
    "num_params": 34381801,
    "num_params_m": 34.381801,
    "estimated_gflops": 7547.3,
    "forward_passes": 50,
    "flops_note": "50 denoising steps (T=100, ratio=0.5)"
  },
  "diffusion_r07": {
    "mean_ms": 1116.0245962673798,
    "std_ms": 1.7500143371956425,
    "min_ms": 1113.5328479576856,
    "max_ms": 1118.3686099248007,
    "median_ms": 1115.971737424843,
    "peak_gpu_mb": 243.2685546875,
    "runs": 10,
    "input_tokens": 1749,
    "denoising_steps": 70,
    "start_ratio": 0.7,
    "tokens_per_sec": 1567.1697611769932,
    "num_params": 34381801,
    "num_params_m": 34.381801,
    "estimated_gflops": 10566.2,
    "forward_passes": 70,
    "flops_note": "70 denoising steps (T=100, ratio=0.7)"
  }
}